{
	"description": "项目配置文件",
	"packOptions": {
		"ignore": []
	},
	"setting": {
		"urlCheck": true,
		"es6": true,
		"enhance": true,
		"postcss": true,
		"minified": true,
		"newFeature": true,
		"coverView": true,
		"nodeModules": false,
		"autoAudits": false,
		"uglifyFileName": true,
		"checkInvalidKey": true,
		"checkSiteMap": true,
		"uploadWithSourceMap": true,
		"babelSetting": {
			"ignore": [],
			"disablePlugins": [],
			"outputPath": ""
		}
	},
	"compileType": "miniprogram",
	"libVersion": "2.8.2",
	"appid": "wx6ca9ac1a01f617a1",
	"projectname": "crmeb_v3.0%E6%96%B0%E5%95%86%E5%9F%8E",
	"debugOptions": {
		"hidedInDevtools": []
	},
	"isGameTourist": false,
	"simulatorType": "wechat",
	"simulatorPluginLibVersion": {},
	"condition": {
		"search": {
			"current": -1,
			"list": []
		},
		"conversation": {
			"current": -1,
			"list": []
		},
		"plugin": {
			"current": -1,
			"list": []
		},
		"game": {
			"currentL": -1,
			"list": []
		},
		"miniprogram": {
			"current": 30,
			"list": [
				{
					"id": 0,
					"name": "新闻",
					"pathName": "pages/news_list/index",
					"query": "",
					"scene": null
				},
				{
					"id": 1,
					"name": "提交订单",
					"pathName": "pages/order_confirm/index",
					"query": "cartId=432",
					"scene": null
				},
				{
					"id": 2,
					"name": "订单详情",
					"pathName": "pages/order_details/index",
					"query": "order_id=wx156895994978031799",
					"scene": null
				},
				{
					"id": -1,
					"name": "订单列表",
					"pathName": "pages/order_list/index",
					"query": "",
					"scene": null
				},
				{
					"id": -1,
					"name": "积分",
					"pathName": "pages/user_integral/index",
					"query": "",
					"scene": null
				},
				{
					"id": -1,
					"name": "用户资金页面",
					"pathName": "pages/user_money/index",
					"query": "",
					"scene": null
				},
				{
					"id": -1,
					"name": "用户优惠券页面",
					"pathName": "pages/user_coupon/index",
					"query": "",
					"scene": null
				},
				{
					"id": -1,
					"name": "会员中心",
					"pathName": "pages/user_vip/index",
					"query": "",
					"scene": null
				},
				{
					"id": -1,
					"name": "地址添加/编辑",
					"pathName": "pages/user_address/index",
					"query": "",
					"scene": null
				},
				{
					"id": -1,
					"name": "签到",
					"pathName": "pages/user_sgin/index",
					"query": "",
					"scene": null
				},
				{
					"id": 10,
					"name": "砍价详情",
					"pathName": "pages/activity/goods_bargain_details/index",
					"query": "",
					"scene": null
				},
				{
					"id": 11,
					"name": "砍价记录",
					"pathName": "pages/activity/user_goods_bargain_list/index",
					"query": "",
					"scene": null
				},
				{
					"id": 12,
					"name": "限时抢购",
					"pathName": "pages/activity/goods_seckill/index",
					"query": "",
					"scene": null
				},
				{
					"id": 13,
					"name": "拼团列表",
					"pathName": "pages/activity/goods_combination/index",
					"query": "",
					"scene": null
				},
				{
					"id": -1,
					"name": "签到",
					"pathName": "pages/user_sgin/index",
					"query": "",
					"scene": null
				},
				{
					"id": -1,
					"name": "商品详情",
					"pathName": "pages/goods_details/index",
					"query": "id=10",
					"scene": null
				},
				{
					"id": -1,
					"name": "商品评价",
					"pathName": "pages/goods_comment_list/index",
					"query": "product_id=1",
					"scene": null
				},
				{
					"id": -1,
					"name": "地址管理",
					"pathName": "pages/user_address_list/index",
					"query": "",
					"scene": null
				},
				{
					"id": -1,
					"name": "账单明细",
					"pathName": "pages/user_bill/index",
					"query": "",
					"scene": null
				},
				{
					"id": -1,
					"name": "积分详情",
					"pathName": "pages/user_integral/index",
					"query": "",
					"scene": null
				},
				{
					"id": -1,
					"name": "积分详情",
					"pathName": "pages/user_integral/index",
					"query": "",
					"scene": null
				},
				{
					"id": 21,
					"name": "拼团",
					"pathName": "pages/activity/goods_combination_status/index",
					"query": "id=7",
					"scene": null
				},
				{
					"id": 22,
					"name": "个人",
					"pathName": "pages/user_info/index",
					"query": "",
					"scene": null
				},
				{
					"id": -1,
					"name": "账号切换",
					"pathName": "pages/logon/index",
					"query": "",
					"scene": null
				},
				{
					"id": -1,
					"name": "修改密码",
					"pathName": "pages/user_pwd_edit/index",
					"query": "",
					"scene": null
				},
				{
					"id": -1,
					"name": "绑定手机号",
					"pathName": "pages/user_phone/index",
					"query": "",
					"scene": null
				},
				{
					"id": -1,
					"name": "分享海报",
					"pathName": "pages/user_spread_code/index",
					"query": "",
					"scene": null
				},
				{
					"id": -1,
					"name": "余额充值",
					"pathName": "pages/user_payment/index",
					"query": "",
					"scene": null
				},
				{
					"id": -1,
					"name": "产品详情",
					"pathName": "pages/goods_details/index",
					"query": "id=2",
					"scene": null
				},
				{
					"id": -1,
					"name": "详情",
					"pathName": "pages/news_details/index",
					"query": "id=1",
					"scene": null
				},
				{
					"id": -1,
					"name": "推广人",
					"pathName": "pages/promoter_rank/index",
					"query": "",
					"scene": null
				}
			]
		}
	}
}